GEO.id,GEO.id2,GEO.display-label,B15002_001E,B15002_001M,B15002_001MA,B15002_001EA,B15002_002E,B15002_002EA,B15002_002M,B15002_002MA,B15002_003E,B15002_003EA,B15002_003M,B15002_003MA,B15002_004E,B15002_004M,B15002_004MA,B15002_004EA,B15002_005E,B15002_005EA,B15002_005M,B15002_005MA,B15002_006E,B15002_006M,B15002_006MA,B15002_006EA,B15002_007E,B15002_007EA,B15002_007M,B15002_007MA,B15002_008E,B15002_008M,B15002_008MA,B15002_008EA,B15002_009E,B15002_009EA,B15002_009M,B15002_009MA,B15002_010E,B15002_010M,B15002_010MA,B15002_010EA,B15002_011E,B15002_011M,B15002_011MA,B15002_011EA,B15002_012E,B15002_012EA,B15002_012M,B15002_012MA,B15002_013E,B15002_013M,B15002_013MA,B15002_013EA,B15002_014E,B15002_014M,B15002_014MA,B15002_014EA,B15002_015E,B15002_015EA,B15002_015M,B15002_015MA,B15002_016E,B15002_016M,B15002_016MA,B15002_016EA,B15002_017E,B15002_017EA,B15002_017M,B15002_017MA,B15002_018E,B15002_018EA,B15002_018M,B15002_018MA,B15002_019E,B15002_019EA,B15002_019M,B15002_019MA,B15002_020E,B15002_020M,B15002_020MA,B15002_020EA,B15002_021E,B15002_021M,B15002_021MA,B15002_021EA,B15002_022E,B15002_022M,B15002_022MA,B15002_022EA,B15002_023E,B15002_023EA,B15002_023M,B15002_023MA,B15002_024E,B15002_024M,B15002_024MA,B15002_024EA,B15002_025E,B15002_025EA,B15002_025M,B15002_025MA,B15002_026E,B15002_026M,B15002_026MA,B15002_026EA,B15002_027E,B15002_027M,B15002_027MA,B15002_027EA,B15002_028E,B15002_028EA,B15002_028M,B15002_028MA,B15002_029E,B15002_029EA,B15002_029M,B15002_029MA,B15002_030E,B15002_030M,B15002_030MA,B15002_030EA,B15002_031E,B15002_031EA,B15002_031M,B15002_031MA,B15002_032E,B15002_032M,B15002_032MA,B15002_032EA,B15002_033E,B15002_033EA,B15002_033M,B15002_033MA,B15002_034E,B15002_034EA,B15002_034M,B15002_034MA,B15002_035E,B15002_035M,B15002_035MA,B15002_035EA
Id,Id2,Geography,Estimate!!Total:,Margin of Error!!Total:,Annotation of Margin of Error!!Total:,Annotation of Estimate!!Total:,Estimate!!Total:!!Male:,Annotation of Estimate!!Total:!!Male:,Margin of Error!!Total:!!Male:,Annotation of Margin of Error!!Total:!!Male:,Estimate!!Total:!!Male:!!No schooling completed,Annotation of Estimate!!Total:!!Male:!!No schooling completed,Margin of Error!!Total:!!Male:!!No schooling completed,Annotation of Margin of Error!!Total:!!Male:!!No schooling completed,Estimate!!Total:!!Male:!!Nursery to 4th grade,Margin of Error!!Total:!!Male:!!Nursery to 4th grade,Annotation of Margin of Error!!Total:!!Male:!!Nursery to 4th grade,Annotation of Estimate!!Total:!!Male:!!Nursery to 4th grade,Estimate!!Total:!!Male:!!5th and 6th grade,Annotation of Estimate!!Total:!!Male:!!5th and 6th grade,Margin of Error!!Total:!!Male:!!5th and 6th grade,Annotation of Margin of Error!!Total:!!Male:!!5th and 6th grade,Estimate!!Total:!!Male:!!7th and 8th grade,Margin of Error!!Total:!!Male:!!7th and 8th grade,Annotation of Margin of Error!!Total:!!Male:!!7th and 8th grade,Annotation of Estimate!!Total:!!Male:!!7th and 8th grade,Estimate!!Total:!!Male:!!9th grade,Annotation of Estimate!!Total:!!Male:!!9th grade,Margin of Error!!Total:!!Male:!!9th grade,Annotation of Margin of Error!!Total:!!Male:!!9th grade,Estimate!!Total:!!Male:!!10th grade,Margin of Error!!Total:!!Male:!!10th grade,Annotation of Margin of Error!!Total:!!Male:!!10th grade,Annotation of Estimate!!Total:!!Male:!!10th grade,Estimate!!Total:!!Male:!!11th grade,Annotation of Estimate!!Total:!!Male:!!11th grade,Margin of Error!!Total:!!Male:!!11th grade,Annotation of Margin of Error!!Total:!!Male:!!11th grade,"Estimate!!Total:!!Male:!!12th grade, no diploma","Margin of Error!!Total:!!Male:!!12th grade, no diploma","Annotation of Margin of Error!!Total:!!Male:!!12th grade, no diploma","Annotation of Estimate!!Total:!!Male:!!12th grade, no diploma",Estimate!!Total:!!Male:!!High school graduate (includes equivalency),Margin of Error!!Total:!!Male:!!High school graduate (includes equivalency),Annotation of Margin of Error!!Total:!!Male:!!High school graduate (includes equivalency),Annotation of Estimate!!Total:!!Male:!!High school graduate (includes equivalency),"Estimate!!Total:!!Male:!!Some college, less than 1 year","Annotation of Estimate!!Total:!!Male:!!Some college, less than 1 year","Margin of Error!!Total:!!Male:!!Some college, less than 1 year","Annotation of Margin of Error!!Total:!!Male:!!Some college, less than 1 year","Estimate!!Total:!!Male:!!Some college, 1 or more years, no degree","Margin of Error!!Total:!!Male:!!Some college, 1 or more years, no degree","Annotation of Margin of Error!!Total:!!Male:!!Some college, 1 or more years, no degree","Annotation of Estimate!!Total:!!Male:!!Some college, 1 or more years, no degree",Estimate!!Total:!!Male:!!Associate's degree,Margin of Error!!Total:!!Male:!!Associate's degree,Annotation of Margin of Error!!Total:!!Male:!!Associate's degree,Annotation of Estimate!!Total:!!Male:!!Associate's degree,Estimate!!Total:!!Male:!!Bachelor's degree,Annotation of Estimate!!Total:!!Male:!!Bachelor's degree,Margin of Error!!Total:!!Male:!!Bachelor's degree,Annotation of Margin of Error!!Total:!!Male:!!Bachelor's degree,Estimate!!Total:!!Male:!!Master's degree,Margin of Error!!Total:!!Male:!!Master's degree,Annotation of Margin of Error!!Total:!!Male:!!Master's degree,Annotation of Estimate!!Total:!!Male:!!Master's degree,Estimate!!Total:!!Male:!!Professional school degree,Annotation of Estimate!!Total:!!Male:!!Professional school degree,Margin of Error!!Total:!!Male:!!Professional school degree,Annotation of Margin of Error!!Total:!!Male:!!Professional school degree,Estimate!!Total:!!Male:!!Doctorate degree,Annotation of Estimate!!Total:!!Male:!!Doctorate degree,Margin of Error!!Total:!!Male:!!Doctorate degree,Annotation of Margin of Error!!Total:!!Male:!!Doctorate degree,Estimate!!Total:!!Female:,Annotation of Estimate!!Total:!!Female:,Margin of Error!!Total:!!Female:,Annotation of Margin of Error!!Total:!!Female:,Estimate!!Total:!!Female:!!No schooling completed,Margin of Error!!Total:!!Female:!!No schooling completed,Annotation of Margin of Error!!Total:!!Female:!!No schooling completed,Annotation of Estimate!!Total:!!Female:!!No schooling completed,Estimate!!Total:!!Female:!!Nursery to 4th grade,Margin of Error!!Total:!!Female:!!Nursery to 4th grade,Annotation of Margin of Error!!Total:!!Female:!!Nursery to 4th grade,Annotation of Estimate!!Total:!!Female:!!Nursery to 4th grade,Estimate!!Total:!!Female:!!5th and 6th grade,Margin of Error!!Total:!!Female:!!5th and 6th grade,Annotation of Margin of Error!!Total:!!Female:!!5th and 6th grade,Annotation of Estimate!!Total:!!Female:!!5th and 6th grade,Estimate!!Total:!!Female:!!7th and 8th grade,Annotation of Estimate!!Total:!!Female:!!7th and 8th grade,Margin of Error!!Total:!!Female:!!7th and 8th grade,Annotation of Margin of Error!!Total:!!Female:!!7th and 8th grade,Estimate!!Total:!!Female:!!9th grade,Margin of Error!!Total:!!Female:!!9th grade,Annotation of Margin of Error!!Total:!!Female:!!9th grade,Annotation of Estimate!!Total:!!Female:!!9th grade,Estimate!!Total:!!Female:!!10th grade,Annotation of Estimate!!Total:!!Female:!!10th grade,Margin of Error!!Total:!!Female:!!10th grade,Annotation of Margin of Error!!Total:!!Female:!!10th grade,Estimate!!Total:!!Female:!!11th grade,Margin of Error!!Total:!!Female:!!11th grade,Annotation of Margin of Error!!Total:!!Female:!!11th grade,Annotation of Estimate!!Total:!!Female:!!11th grade,"Estimate!!Total:!!Female:!!12th grade, no diploma","Margin of Error!!Total:!!Female:!!12th grade, no diploma","Annotation of Margin of Error!!Total:!!Female:!!12th grade, no diploma","Annotation of Estimate!!Total:!!Female:!!12th grade, no diploma",Estimate!!Total:!!Female:!!High school graduate (includes equivalency),Annotation of Estimate!!Total:!!Female:!!High school graduate (includes equivalency),Margin of Error!!Total:!!Female:!!High school graduate (includes equivalency),Annotation of Margin of Error!!Total:!!Female:!!High school graduate (includes equivalency),"Estimate!!Total:!!Female:!!Some college, less than 1 year","Annotation of Estimate!!Total:!!Female:!!Some college, less than 1 year","Margin of Error!!Total:!!Female:!!Some college, less than 1 year","Annotation of Margin of Error!!Total:!!Female:!!Some college, less than 1 year","Estimate!!Total:!!Female:!!Some college, 1 or more years, no degree","Margin of Error!!Total:!!Female:!!Some college, 1 or more years, no degree","Annotation of Margin of Error!!Total:!!Female:!!Some college, 1 or more years, no degree","Annotation of Estimate!!Total:!!Female:!!Some college, 1 or more years, no degree",Estimate!!Total:!!Female:!!Associate's degree,Annotation of Estimate!!Total:!!Female:!!Associate's degree,Margin of Error!!Total:!!Female:!!Associate's degree,Annotation of Margin of Error!!Total:!!Female:!!Associate's degree,Estimate!!Total:!!Female:!!Bachelor's degree,Margin of Error!!Total:!!Female:!!Bachelor's degree,Annotation of Margin of Error!!Total:!!Female:!!Bachelor's degree,Annotation of Estimate!!Total:!!Female:!!Bachelor's degree,Estimate!!Total:!!Female:!!Master's degree,Annotation of Estimate!!Total:!!Female:!!Master's degree,Margin of Error!!Total:!!Female:!!Master's degree,Annotation of Margin of Error!!Total:!!Female:!!Master's degree,Estimate!!Total:!!Female:!!Professional school degree,Annotation of Estimate!!Total:!!Female:!!Professional school degree,Margin of Error!!Total:!!Female:!!Professional school degree,Annotation of Margin of Error!!Total:!!Female:!!Professional school degree,Estimate!!Total:!!Female:!!Doctorate degree,Margin of Error!!Total:!!Female:!!Doctorate degree,Annotation of Margin of Error!!Total:!!Female:!!Doctorate degree,Annotation of Estimate!!Total:!!Female:!!Doctorate degree
0400000US41,41,Oregon,2971396,868,null,null,1463373,null,735,null,17704,null,1093,null,7429,710,null,null,14165,null,1185,null,12959,988,null,null,14452,null,1164,null,19101,1163,null,null,22901,null,1338,null,29456,1245,null,null,342678,4883,null,null,112039,null,2422,null,245821,3560,null,null,126073,2567,null,null,310029,null,4608,null,120100,3039,null,null,38361,null,1564,null,30105,null,1230,null,1508023,null,754,null,16497,931,null,null,6585,727,null,null,11177,1050,null,null,11393,null,916,null,11544,892,null,null,16329,null,1068,null,18344,1227,null,null,22566,1204,null,null,325405,null,4117,null,128220,null,2817,null,253165,3730,null,null,144299,null,3332,null,334784,4181,null,null,155419,null,3122,null,30255,null,1354,null,22041,889,null,null
1600000US4104000,4100504000,"Barlow city, Oregon",161,144,null,null,76,null,71,null,0,null,13,null,0,13,null,null,0,null,13,null,0,13,null,null,0,null,13,null,0,13,null,null,0,null,13,null,1,4,null,null,13,11,null,null,46,null,68,null,5,4,null,null,4,7,null,null,3,null,4,null,0,13,null,null,3,null,4,null,1,null,4,null,85,null,76,null,0,13,null,null,0,13,null,null,0,13,null,null,0,null,13,null,0,13,null,null,0,null,13,null,1,2,null,null,0,13,null,null,9,null,10,null,2,null,3,null,56,71,null,null,3,null,5,null,12,14,null,null,0,null,13,null,0,null,13,null,2,3,null,null
1600000US4105250,4100505250,"Beavercreek CDP, Oregon",3233,386,null,null,1711,null,261,null,22,null,24,null,8,14,null,null,0,null,13,null,0,13,null,null,4,null,6,null,50,57,null,null,50,null,60,null,24,21,null,null,395,159,null,null,222,null,105,null,251,107,null,null,224,103,null,null,354,null,119,null,71,36,null,null,0,null,13,null,36,null,43,null,1522,null,184,null,18,22,null,null,0,13,null,null,0,13,null,null,0,null,13,null,0,13,null,null,22,null,21,null,0,13,null,null,7,12,null,null,302,null,95,null,151,null,64,null,312,127,null,null,207,null,91,null,371,118,null,null,108,null,53,null,24,null,26,null,0,13,null,null
1600000US4107550,4100507550,"Boring CDP, Oregon",1422,295,null,null,689,null,158,null,0,null,13,null,0,13,null,null,0,null,13,null,0,13,null,null,0,null,13,null,0,13,null,null,9,null,14,null,7,12,null,null,251,130,null,null,10,null,15,null,159,66,null,null,98,63,null,null,94,null,72,null,54,45,null,null,7,null,12,null,0,null,13,null,733,null,163,null,0,13,null,null,0,13,null,null,0,13,null,null,0,null,13,null,0,13,null,null,8,null,12,null,29,33,null,null,0,13,null,null,323,null,128,null,80,null,61,null,85,58,null,null,70,null,51,null,99,63,null,null,30,null,27,null,9,null,14,null,0,13,null,null
1600000US4110750,4100510750,"Canby city, Oregon",12652,384,null,null,6059,null,381,null,209,null,130,null,125,117,null,null,60,null,59,null,20,27,null,null,137,null,121,null,77,57,null,null,150,null,123,null,54,41,null,null,1593,294,null,null,347,null,112,null,1069,203,null,null,393,126,null,null,1141,null,308,null,410,123,null,null,113,null,67,null,161,null,165,null,6593,null,310,null,106,82,null,null,0,20,null,null,54,46,null,null,35,null,42,null,150,137,null,null,52,null,51,null,75,44,null,null,89,69,null,null,1487,null,224,null,757,null,217,null,1287,199,null,null,700,null,159,null,1226,259,null,null,514,null,141,null,24,null,22,null,37,30,null,null
1600000US4117800,4100517800,"Damascus CDP, Oregon",7640,864,null,null,3811,null,432,null,25,null,39,null,0,20,null,null,0,null,20,null,4,10,null,null,27,null,24,null,0,20,null,null,19,null,21,null,33,32,null,null,995,224,null,null,148,null,80,null,704,197,null,null,710,336,null,null,682,null,167,null,321,98,null,null,80,null,45,null,63,null,52,null,3829,null,522,null,8,13,null,null,0,20,null,null,0,20,null,null,14,null,19,null,8,13,null,null,1,null,3,null,61,50,null,null,63,43,null,null,1278,null,455,null,353,null,118,null,655,184,null,null,321,null,113,null,676,181,null,null,288,null,103,null,48,null,42,null,55,41,null,null
1600000US4123800,4100523800,"Estacada city, Oregon",2810,314,null,null,1328,null,160,null,34,null,47,null,0,13,null,null,0,null,13,null,0,13,null,null,0,null,13,null,21,34,null,null,37,null,57,null,30,37,null,null,493,233,null,null,154,null,102,null,195,128,null,null,128,101,null,null,172,null,98,null,0,13,null,null,47,null,77,null,17,null,27,null,1482,null,233,null,41,64,null,null,0,13,null,null,0,13,null,null,3,null,7,null,0,13,null,null,20,null,26,null,0,13,null,null,20,32,null,null,549,null,170,null,73,null,65,null,249,118,null,null,284,null,187,null,216,123,null,null,27,null,32,null,0,null,13,null,0,13,null,null
1600000US4129000,4100529000,"Gladstone city, Oregon",8761,435,null,null,3938,null,375,null,23,null,32,null,0,20,null,null,45,null,65,null,0,20,null,null,14,null,23,null,68,73,null,null,39,null,41,null,153,94,null,null,974,277,null,null,490,null,241,null,697,198,null,null,376,110,null,null,866,null,241,null,141,77,null,null,44,null,39,null,8,null,14,null,4823,null,326,null,114,124,null,null,0,20,null,null,27,39,null,null,3,null,7,null,34,39,null,null,54,null,60,null,77,102,null,null,49,61,null,null,1331,null,293,null,435,null,175,null,1067,256,null,null,408,null,175,null,956,240,null,null,252,null,93,null,16,null,26,null,0,20,null,null
1600000US4130250,4100530250,"Government Camp CDP, Oregon",84,98,null,null,51,null,59,null,0,null,13,null,0,13,null,null,0,null,13,null,0,13,null,null,0,null,13,null,0,13,null,null,0,null,13,null,0,13,null,null,24,40,null,null,0,null,13,null,0,13,null,null,0,13,null,null,0,null,13,null,0,13,null,null,27,null,44,null,0,null,13,null,33,null,47,null,0,13,null,null,0,13,null,null,0,13,null,null,0,null,13,null,0,13,null,null,0,null,13,null,0,13,null,null,0,13,null,null,0,null,13,null,0,null,13,null,28,46,null,null,5,null,12,null,0,13,null,null,0,null,13,null,0,null,13,null,0,13,null,null
1600000US4132050,4100532050,"Happy Valley city, Oregon",15112,514,null,null,7446,null,445,null,41,null,38,null,1,3,null,null,0,null,24,null,50,45,null,null,8,null,12,null,15,23,null,null,47,null,39,null,188,205,null,null,859,184,null,null,458,null,136,null,1024,218,null,null,883,213,null,null,2039,null,305,null,1011,235,null,null,621,null,224,null,201,null,107,null,7666,null,376,null,116,65,null,null,0,24,null,null,2,6,null,null,9,null,12,null,0,24,null,null,17,null,28,null,52,44,null,null,86,80,null,null,1316,null,351,null,360,null,146,null,1253,346,null,null,770,null,261,null,2496,287,null,null,856,null,190,null,148,null,74,null,185,102,null,null
1600000US4137400,4100537400,"Jennings Lodge CDP, Oregon",5984,782,null,null,2674,null,360,null,35,null,45,null,0,18,null,null,0,null,18,null,68,76,null,null,0,null,18,null,40,62,null,null,56,null,41,null,35,34,null,null,548,156,null,null,311,null,134,null,504,161,null,null,443,292,null,null,373,null,115,null,85,51,null,null,122,null,101,null,54,null,60,null,3310,null,497,null,45,34,null,null,0,18,null,null,32,52,null,null,74,null,87,null,15,17,null,null,15,null,22,null,15,21,null,null,60,59,null,null,905,null,210,null,273,null,118,null,476,266,null,null,183,null,81,null,828,252,null,null,266,null,123,null,81,null,71,null,42,36,null,null
1600000US4137650,4100537650,"Johnson City city, Oregon",369,77,null,null,159,null,40,null,0,null,13,null,0,13,null,null,2,null,4,null,5,6,null,null,5,null,8,null,0,13,null,null,0,null,13,null,16,14,null,null,57,25,null,null,16,null,11,null,33,17,null,null,6,7,null,null,12,null,10,null,7,7,null,null,0,null,13,null,0,null,13,null,210,null,51,null,2,3,null,null,0,13,null,null,2,5,null,null,0,null,13,null,0,13,null,null,4,null,5,null,0,13,null,null,14,13,null,null,72,null,31,null,25,null,12,null,29,17,null,null,36,null,31,null,21,14,null,null,5,null,7,null,0,null,13,null,0,13,null,null
1600000US4140550,4100540550,"Lake Oswego city, Oregon",29355,592,null,null,14181,null,502,null,44,null,46,null,0,27,null,null,4,null,11,null,0,27,null,null,25,null,30,null,1,3,null,null,44,null,54,null,34,32,null,null,940,269,null,null,570,null,209,null,1211,238,null,null,747,202,null,null,5697,null,465,null,2594,341,null,null,1434,null,318,null,836,null,220,null,15174,null,460,null,45,42,null,null,33,52,null,null,0,27,null,null,1,null,5,null,0,27,null,null,29,null,27,null,15,17,null,null,125,81,null,null,902,null,180,null,584,null,171,null,1691,252,null,null,952,null,226,null,5951,406,null,null,3479,null,373,null,746,null,165,null,621,195,null,null
1600000US4148650,4100548650,"Milwaukie city, Oregon",15565,503,null,null,7652,null,470,null,59,null,83,null,1,6,null,null,10,null,22,null,31,42,null,null,60,null,52,null,83,48,null,null,101,null,78,null,74,53,null,null,1813,312,null,null,565,null,143,null,1543,235,null,null,613,226,null,null,2018,null,402,null,514,146,null,null,78,null,61,null,89,null,57,null,7913,null,362,null,61,58,null,null,9,14,null,null,0,24,null,null,43,null,34,null,59,70,null,null,18,null,19,null,26,30,null,null,139,73,null,null,1533,null,314,null,635,null,161,null,1270,210,null,null,792,null,208,null,2011,306,null,null,900,null,196,null,224,null,101,null,193,93,null,null
1600000US4149450,4100549450,"Molalla city, Oregon",6692,314,null,null,3186,null,241,null,43,null,56,null,0,20,null,null,5,null,12,null,0,20,null,null,18,null,28,null,77,93,null,null,95,null,81,null,70,61,null,null,875,250,null,null,406,null,146,null,799,335,null,null,443,160,null,null,311,null,138,null,44,35,null,null,0,null,20,null,0,null,20,null,3506,null,296,null,17,29,null,null,0,20,null,null,0,20,null,null,0,null,20,null,0,20,null,null,20,null,27,null,44,58,null,null,38,54,null,null,1080,null,298,null,403,null,138,null,751,258,null,null,429,null,152,null,514,208,null,null,195,null,159,null,0,null,20,null,15,25,null,null
1600000US4150236,4100550235,"Mount Hood Villages CDP, Oregon",3347,480,null,null,1775,null,350,null,22,null,34,null,8,15,null,null,0,null,13,null,0,13,null,null,0,null,13,null,0,13,null,null,13,null,21,null,0,13,null,null,398,182,null,null,60,null,39,null,504,172,null,null,244,237,null,null,325,null,120,null,160,80,null,null,31,null,29,null,10,null,16,null,1572,null,210,null,0,13,null,null,0,13,null,null,0,13,null,null,0,null,13,null,0,13,null,null,23,null,30,null,0,13,null,null,0,13,null,null,372,null,143,null,97,null,82,null,403,158,null,null,125,null,83,null,333,146,null,null,210,null,96,null,9,null,16,null,0,13,null,null
1600000US4150450,4100550450,"Mulino CDP, Oregon",1713,380,null,null,843,null,204,null,0,null,13,null,0,13,null,null,0,null,13,null,15,23,null,null,0,null,13,null,0,13,null,null,0,null,13,null,8,13,null,null,204,98,null,null,117,null,62,null,108,61,null,null,184,127,null,null,110,null,66,null,60,50,null,null,7,null,11,null,30,null,25,null,870,null,199,null,10,16,null,null,0,13,null,null,0,13,null,null,0,null,13,null,9,14,null,null,8,null,12,null,0,13,null,null,19,21,null,null,300,null,174,null,92,null,54,null,123,74,null,null,53,null,41,null,185,80,null,null,30,null,28,null,24,null,23,null,17,20,null,null
1600000US4153900,4100553900,"Oak Grove CDP, Oregon",12978,960,null,null,6561,null,623,null,85,null,77,null,0,20,null,null,98,null,134,null,146,95,null,null,62,null,75,null,21,28,null,null,41,null,60,null,91,61,null,null,1703,277,null,null,683,null,274,null,846,181,null,null,744,254,null,null,1377,null,371,null,530,203,null,null,62,null,55,null,72,null,44,null,6417,null,498,null,3,7,null,null,17,30,null,null,123,86,null,null,60,null,75,null,39,63,null,null,203,null,146,null,31,33,null,null,71,51,null,null,1538,null,329,null,489,null,130,null,1176,296,null,null,611,null,203,null,1165,205,null,null,727,null,188,null,74,null,45,null,90,59,null,null
1600000US4154325,4100554325,"Oatfield CDP, Oregon",9688,809,null,null,4513,null,413,null,0,null,20,null,1,2,null,null,0,null,20,null,47,90,null,null,23,null,29,null,19,29,null,null,16,null,25,null,120,96,null,null,1079,282,null,null,263,null,99,null,872,224,null,null,410,143,null,null,1119,null,227,null,377,161,null,null,112,null,81,null,55,null,49,null,5175,null,535,null,0,20,null,null,46,64,null,null,0,20,null,null,17,null,26,null,146,113,null,null,37,null,41,null,29,34,null,null,82,72,null,null,1153,null,356,null,207,null,106,null,1172,300,null,null,462,null,179,null,1168,263,null,null,529,null,166,null,39,null,36,null,88,82,null,null
1600000US4155200,4100555200,"Oregon City city, Oregon",25733,763,null,null,12703,null,573,null,31,null,36,null,0,27,null,null,3,null,5,null,131,149,null,null,64,null,55,null,229,114,null,null,85,null,71,null,119,77,null,null,3667,449,null,null,1197,null,240,null,2272,372,null,null,1266,288,null,null,2696,null,540,null,599,250,null,null,195,null,94,null,149,null,100,null,13030,null,471,null,46,41,null,null,17,28,null,null,23,37,null,null,192,null,136,null,113,78,null,null,122,null,86,null,171,92,null,null,171,121,null,null,3208,null,437,null,1235,null,219,null,2079,305,null,null,1399,null,294,null,3266,423,null,null,776,null,198,null,88,null,58,null,124,65,null,null
1600000US4159000,4105159000,"Portland city, Oregon",486100,1499,null,null,240412,null,1327,null,2904,null,399,null,689,237,null,null,1742,null,389,null,1537,330,null,null,2090,null,601,null,1605,304,null,null,2608,null,540,null,3636,548,null,null,40122,1784,null,null,12675,null,883,null,36106,1470,null,null,16473,1082,null,null,72436,null,2095,null,28745,1216,null,null,11148,null,828,null,5896,null,513,null,245688,null,1097,null,3628,441,null,null,1120,348,null,null,1578,281,null,null,1865,null,413,null,1109,272,null,null,1708,null,335,null,1737,410,null,null,3247,522,null,null,33248,null,1528,null,12647,null,823,null,32701,1419,null,null,16920,null,1017,null,79304,1912,null,null,39035,null,1263,null,9953,null,868,null,5888,562,null,null
1600000US4161550,4100561550,"Rhododendron CDP, Oregon",173,118,null,null,71,null,58,null,0,null,13,null,0,13,null,null,0,null,13,null,0,13,null,null,0,null,13,null,0,13,null,null,0,null,13,null,0,13,null,null,38,51,null,null,10,null,18,null,0,13,null,null,23,26,null,null,0,null,13,null,0,13,null,null,0,null,13,null,0,null,13,null,102,null,71,null,0,13,null,null,0,13,null,null,0,13,null,null,0,null,13,null,0,13,null,null,0,null,13,null,0,13,null,null,0,13,null,null,30,null,48,null,10,null,16,null,19,16,null,null,0,null,13,null,43,51,null,null,0,null,13,null,0,null,13,null,0,13,null,null
1600000US4162250,4100562250,"Rivergrove city, Oregon",390,94,null,null,182,null,54,null,0,null,13,null,0,13,null,null,0,null,13,null,0,13,null,null,0,null,13,null,0,13,null,null,7,null,14,null,0,13,null,null,14,8,null,null,11,null,11,null,35,24,null,null,2,2,null,null,64,null,47,null,27,13,null,null,11,null,9,null,11,null,10,null,208,null,52,null,0,13,null,null,0,13,null,null,0,13,null,null,2,null,3,null,0,13,null,null,0,null,13,null,0,13,null,null,2,3,null,null,22,null,12,null,4,null,7,null,16,10,null,null,16,null,10,null,65,28,null,null,60,null,32,null,14,null,11,null,7,6,null,null
1600000US4165250,4100565250,"Sandy city, Oregon",8044,346,null,null,3911,null,280,null,32,null,46,null,13,34,null,null,60,null,72,null,2,7,null,null,0,null,20,null,28,35,null,null,79,null,85,null,66,55,null,null,1082,389,null,null,362,null,158,null,1011,387,null,null,400,163,null,null,487,null,169,null,223,131,null,null,18,null,31,null,48,null,53,null,4133,null,219,null,27,36,null,null,0,20,null,null,11,21,null,null,0,null,20,null,19,24,null,null,16,null,23,null,56,47,null,null,46,42,null,null,972,null,275,null,480,null,177,null,735,188,null,null,716,null,346,null,830,230,null,null,177,null,124,null,22,null,27,null,26,38,null,null
1600000US4169800,4100569800,"Stafford CDP, Oregon",1389,311,null,null,685,null,189,null,0,null,13,null,0,13,null,null,0,null,13,null,0,13,null,null,0,null,13,null,0,13,null,null,0,null,13,null,0,13,null,null,79,71,null,null,8,null,14,null,100,87,null,null,0,13,null,null,343,null,143,null,52,45,null,null,54,null,58,null,49,null,61,null,704,null,153,null,0,13,null,null,0,13,null,null,0,13,null,null,15,null,26,null,0,13,null,null,0,null,13,null,0,13,null,null,0,13,null,null,58,null,54,null,64,null,57,null,66,54,null,null,22,null,37,null,273,110,null,null,137,null,86,null,69,null,65,null,0,13,null,null
1600000US4174950,4106774950,"Tualatin city, Oregon",18946,515,null,null,9303,null,391,null,314,null,167,null,67,68,null,null,10,null,23,null,15,20,null,null,23,null,34,null,21,18,null,null,18,null,26,null,149,90,null,null,1623,292,null,null,739,null,206,null,1342,244,null,null,714,175,null,null,2820,null,289,null,977,206,null,null,233,null,85,null,238,null,100,null,9643,null,426,null,56,42,null,null,0,24,null,null,185,177,null,null,50,null,51,null,32,34,null,null,14,null,18,null,25,35,null,null,126,84,null,null,1604,null,327,null,848,null,198,null,1620,232,null,null,772,null,166,null,2525,276,null,null,1300,null,247,null,290,null,100,null,196,98,null,null
1600000US4180150,4100580150,"West Linn city, Oregon",18654,520,null,null,8905,null,350,null,38,null,46,null,11,17,null,null,0,null,24,null,2,5,null,null,35,null,42,null,29,46,null,null,116,null,184,null,53,50,null,null,720,197,null,null,334,null,124,null,1285,281,null,null,544,148,null,null,3462,null,406,null,1473,294,null,null,512,null,157,null,291,null,115,null,9749,null,395,null,41,39,null,null,11,18,null,null,0,24,null,null,11,null,13,null,0,24,null,null,24,null,37,null,46,47,null,null,57,61,null,null,1246,null,240,null,495,null,190,null,1220,288,null,null,599,null,161,null,3936,412,null,null,1554,null,286,null,334,null,101,null,175,94,null,null
1600000US4182800,4100582800,"Wilsonville city, Oregon",18557,531,null,null,8178,null,451,null,49,null,57,null,0,24,null,null,10,null,23,null,0,24,null,null,0,null,24,null,71,60,null,null,99,null,78,null,101,69,null,null,1511,450,null,null,404,null,150,null,1126,247,null,null,608,228,null,null,2852,null,353,null,740,205,null,null,414,null,147,null,193,null,92,null,10379,null,480,null,120,82,null,null,0,24,null,null,0,24,null,null,89,null,58,null,46,54,null,null,22,null,29,null,76,49,null,null,78,45,null,null,2193,null,283,null,830,null,216,null,1710,308,null,null,1001,null,203,null,2951,423,null,null,925,null,233,null,74,null,55,null,264,100,null,null
1600000US4112150,4106712150,"Cedar Mill CDP, Oregon",11934,964,null,null,5938,null,606,null,21,null,25,null,0,20,null,null,101,null,74,null,37,56,null,null,0,null,20,null,0,20,null,null,26,null,32,null,29,31,null,null,482,225,null,null,259,null,187,null,670,195,null,null,217,104,null,null,2422,null,529,null,1127,253,null,null,189,null,88,null,358,null,105,null,5996,null,507,null,6,15,null,null,37,56,null,null,37,51,null,null,41,null,43,null,0,20,null,null,0,null,20,null,17,25,null,null,50,44,null,null,665,null,184,null,153,null,90,null,676,205,null,null,234,null,96,null,2338,437,null,null,1224,null,360,null,275,null,121,null,243,112,null,null
1600000US4121215,4105121215,"Dunthorpe CDP, Oregon",1249,302,null,null,602,null,159,null,8,null,14,null,0,13,null,null,0,null,13,null,0,13,null,null,0,null,13,null,0,13,null,null,3,null,4,null,3,5,null,null,8,11,null,null,4,null,6,null,57,48,null,null,9,9,null,null,281,null,132,null,62,24,null,null,139,null,43,null,28,null,17,null,647,null,163,null,6,10,null,null,0,13,null,null,0,13,null,null,0,null,13,null,0,13,null,null,0,null,13,null,0,13,null,null,3,5,null,null,4,null,6,null,8,null,8,null,113,143,null,null,27,null,15,null,238,61,null,null,106,null,44,null,114,null,40,null,28,18,null,null
1600000US4124250,4105124250,"Fairview city, Oregon",7916,531,null,null,3694,null,514,null,0,null,20,null,111,191,null,null,0,null,20,null,59,70,null,null,84,null,122,null,55,57,null,null,121,null,105,null,122,111,null,null,1117,319,null,null,254,null,133,null,488,253,null,null,469,254,null,null,576,null,229,null,131,82,null,null,39,null,47,null,68,null,51,null,4222,null,475,null,0,20,null,null,24,44,null,null,0,20,null,null,21,null,35,null,61,96,null,null,75,null,70,null,99,123,null,null,70,72,null,null,1044,null,333,null,601,null,278,null,978,293,null,null,406,null,194,null,470,174,null,null,310,null,170,null,52,null,57,null,11,33,null,null
1600000US4131250,4105131250,"Gresham city, Oregon",76836,1402,null,null,37702,null,1127,null,600,null,269,null,349,199,null,null,582,null,249,null,577,291,null,null,562,null,254,null,644,197,null,null,481,null,206,null,977,246,null,null,10659,926,null,null,3204,null,452,null,7130,764,null,null,3712,501,null,null,5744,null,604,null,1758,318,null,null,508,null,208,null,215,null,118,null,39134,null,954,null,773,214,null,null,292,145,null,null,639,236,null,null,439,null,213,null,609,248,null,null,616,null,219,null,418,190,null,null,915,225,null,null,10156,null,800,null,3631,null,454,null,6799,602,null,null,4149,null,602,null,6130,599,null,null,2918,null,427,null,362,null,154,null,288,131,null,null
1600000US4140550,4100540550,"Lake Oswego city, Oregon",29355,592,null,null,14181,null,502,null,44,null,46,null,0,27,null,null,4,null,11,null,0,27,null,null,25,null,30,null,1,3,null,null,44,null,54,null,34,32,null,null,940,269,null,null,570,null,209,null,1211,238,null,null,747,202,null,null,5697,null,465,null,2594,341,null,null,1434,null,318,null,836,null,220,null,15174,null,460,null,45,42,null,null,33,52,null,null,0,27,null,null,1,null,5,null,0,27,null,null,29,null,27,null,15,17,null,null,125,81,null,null,902,null,180,null,584,null,171,null,1691,252,null,null,952,null,226,null,5951,406,null,null,3479,null,373,null,746,null,165,null,621,195,null,null
1600000US4146730,4105146730,"Maywood Park city, Oregon",818,180,null,null,394,null,83,null,0,null,13,null,0,13,null,null,0,null,13,null,0,13,null,null,0,null,13,null,4,7,null,null,16,null,13,null,3,4,null,null,70,39,null,null,42,null,22,null,77,35,null,null,51,21,null,null,82,null,23,null,16,9,null,null,25,null,17,null,8,null,9,null,424,null,122,null,0,13,null,null,0,13,null,null,0,13,null,null,0,null,13,null,0,13,null,null,6,null,7,null,0,13,null,null,0,13,null,null,86,null,66,null,24,null,13,null,48,22,null,null,73,null,53,null,124,50,null,null,46,null,19,null,11,null,7,null,6,7,null,null
1600000US4148650,4100548650,"Milwaukie city, Oregon",15565,503,null,null,7652,null,470,null,59,null,83,null,1,6,null,null,10,null,22,null,31,42,null,null,60,null,52,null,83,48,null,null,101,null,78,null,74,53,null,null,1813,312,null,null,565,null,143,null,1543,235,null,null,613,226,null,null,2018,null,402,null,514,146,null,null,78,null,61,null,89,null,57,null,7913,null,362,null,61,58,null,null,9,14,null,null,0,24,null,null,43,null,34,null,59,70,null,null,18,null,19,null,26,30,null,null,139,73,null,null,1533,null,314,null,635,null,161,null,1270,210,null,null,792,null,208,null,2011,306,null,null,900,null,196,null,224,null,101,null,193,93,null,null
1600000US4155500,4105155500,"Orient CDP, Oregon",407,241,null,null,203,null,165,null,0,null,13,null,53,84,null,null,0,null,13,null,0,13,null,null,0,null,13,null,14,23,null,null,0,null,13,null,0,13,null,null,77,78,null,null,15,null,26,null,0,13,null,null,0,13,null,null,44,null,53,null,0,13,null,null,0,null,13,null,0,null,13,null,204,null,107,null,0,13,null,null,0,13,null,null,4,9,null,null,0,null,13,null,0,13,null,null,0,null,13,null,0,13,null,null,13,21,null,null,47,null,68,null,42,null,69,null,0,13,null,null,42,null,35,null,56,70,null,null,0,null,13,null,0,null,13,null,0,13,null,null
1600000US4159000,4105159000,"Portland city, Oregon",486100,1499,null,null,240412,null,1327,null,2904,null,399,null,689,237,null,null,1742,null,389,null,1537,330,null,null,2090,null,601,null,1605,304,null,null,2608,null,540,null,3636,548,null,null,40122,1784,null,null,12675,null,883,null,36106,1470,null,null,16473,1082,null,null,72436,null,2095,null,28745,1216,null,null,11148,null,828,null,5896,null,513,null,245688,null,1097,null,3628,441,null,null,1120,348,null,null,1578,281,null,null,1865,null,413,null,1109,272,null,null,1708,null,335,null,1737,410,null,null,3247,522,null,null,33248,null,1528,null,12647,null,823,null,32701,1419,null,null,16920,null,1017,null,79304,1912,null,null,39035,null,1263,null,9953,null,868,null,5888,562,null,null
1600000US4174850,4105174850,"Troutdale city, Oregon",10444,744,null,null,5344,null,458,null,108,null,63,null,35,60,null,null,64,null,88,null,58,68,null,null,50,null,66,null,33,47,null,null,15,null,19,null,91,59,null,null,1517,318,null,null,533,null,181,null,873,286,null,null,697,176,null,null,1073,null,230,null,165,77,null,null,32,null,34,null,0,null,20,null,5100,null,417,null,94,58,null,null,20,26,null,null,70,59,null,null,25,null,44,null,48,37,null,null,34,null,29,null,101,117,null,null,68,48,null,null,1481,null,298,null,504,null,152,null,665,186,null,null,598,null,187,null,881,206,null,null,463,null,169,null,0,null,20,null,48,33,null,null
1600000US4180025,4106780025,"West Haven-Sylvan CDP, Oregon",5985,603,null,null,2720,null,352,null,1,null,3,null,0,18,null,null,13,null,21,null,0,18,null,null,0,null,18,null,0,18,null,null,0,null,18,null,0,18,null,null,151,119,null,null,71,null,60,null,535,215,null,null,54,44,null,null,924,null,257,null,475,170,null,null,229,null,175,null,267,null,155,null,3265,null,385,null,6,13,null,null,0,18,null,null,0,18,null,null,16,null,23,null,10,16,null,null,0,null,18,null,0,18,null,null,0,18,null,null,350,null,245,null,74,null,51,null,231,119,null,null,328,null,171,null,1185,243,null,null,697,null,183,null,237,null,117,null,131,79,null,null
1600000US4183950,4105183950,"Wood Village city, Oregon",2619,233,null,null,1490,null,268,null,0,null,13,null,49,50,null,null,74,null,61,null,46,73,null,null,84,null,67,null,54,49,null,null,20,null,23,null,33,37,null,null,548,200,null,null,59,null,32,null,221,134,null,null,103,54,null,null,114,null,86,null,60,72,null,null,25,null,30,null,0,null,13,null,1129,null,159,null,62,46,null,null,45,47,null,null,85,50,null,null,21,null,26,null,20,30,null,null,0,null,13,null,11,16,null,null,21,25,null,null,259,null,112,null,54,null,40,null,236,97,null,null,83,null,69,null,114,55,null,null,72,null,52,null,46,null,39,null,0,13,null,null
1600000US4101650,4106701650,"Aloha CDP, Oregon",35725,1324,null,null,17769,null,816,null,514,null,324,null,126,104,null,null,161,null,97,null,126,134,null,null,153,null,87,null,358,136,null,null,148,null,101,null,458,189,null,null,4245,666,null,null,1062,null,240,null,2484,294,null,null,2174,321,null,null,3984,null,487,null,1193,227,null,null,86,null,58,null,497,null,185,null,17956,null,811,null,506,287,null,null,205,200,null,null,352,286,null,null,165,null,138,null,131,85,null,null,103,null,67,null,116,74,null,null,181,75,null,null,4311,null,565,null,1375,null,254,null,2961,463,null,null,1983,null,407,null,4013,354,null,null,1213,null,194,null,222,null,107,null,119,73,null,null
1600000US4103850,4106703850,"Banks city, Oregon",1273,220,null,null,544,null,90,null,3,null,5,null,4,6,null,null,0,null,13,null,0,13,null,null,0,null,13,null,2,4,null,null,3,null,5,null,6,7,null,null,122,59,null,null,60,null,27,null,117,48,null,null,57,22,null,null,131,null,41,null,29,18,null,null,0,null,13,null,10,null,15,null,729,null,188,null,3,4,null,null,0,13,null,null,0,13,null,null,0,null,13,null,0,13,null,null,5,null,5,null,0,13,null,null,18,16,null,null,134,null,82,null,67,null,38,null,107,32,null,null,86,null,39,null,106,41,null,null,197,null,164,null,0,null,13,null,6,10,null,null
1600000US4105350,4106705350,"Beaverton city, Oregon",70130,1037,null,null,34737,null,923,null,619,null,268,null,124,120,null,null,258,null,206,null,131,78,null,null,244,null,169,null,228,137,null,null,313,null,148,null,766,228,null,null,5905,655,null,null,2336,null,437,null,5219,577,null,null,2505,333,null,null,10901,null,811,null,3632,424,null,null,844,null,234,null,712,null,179,null,35393,null,789,null,284,112,null,null,141,124,null,null,344,183,null,null,300,null,175,null,66,60,null,null,165,null,108,null,159,110,null,null,239,106,null,null,5910,null,568,null,2561,null,410,null,5517,639,null,null,2808,null,366,null,10160,724,null,null,5339,null,709,null,867,null,233,null,533,186,null,null
1600000US4105950,4106705950,"Bethany CDP, Oregon",19122,983,null,null,9449,null,557,null,125,null,86,null,0,24,null,null,0,null,24,null,49,46,null,null,0,null,24,null,0,24,null,null,0,null,24,null,21,27,null,null,670,221,null,null,143,null,81,null,820,257,null,null,329,171,null,null,3307,null,501,null,2460,309,null,null,288,null,94,null,1237,null,237,null,9673,null,591,null,83,58,null,null,69,65,null,null,31,44,null,null,24,null,28,null,0,24,null,null,48,null,48,null,66,67,null,null,111,71,null,null,924,null,278,null,344,null,173,null,933,321,null,null,759,null,387,null,3281,389,null,null,2258,null,360,null,294,null,129,null,448,134,null,null
1600000US4109535,4106709535,"Bull Mountain CDP, Oregon",6374,617,null,null,2986,null,252,null,4,null,9,null,0,18,null,null,1,null,12,null,0,18,null,null,0,null,18,null,0,18,null,null,12,null,18,null,31,43,null,null,275,121,null,null,102,null,71,null,527,147,null,null,272,98,null,null,1140,null,216,null,368,96,null,null,131,null,91,null,123,null,70,null,3388,null,461,null,63,51,null,null,0,18,null,null,0,18,null,null,22,null,30,null,0,18,null,null,0,null,18,null,0,18,null,null,22,25,null,null,379,null,127,null,255,null,129,null,488,171,null,null,227,null,103,null,1332,388,null,null,459,null,123,null,58,null,36,null,83,88,null,null
1600000US4112050,4106712050,"Cedar Hills CDP, Oregon",6527,662,null,null,3237,null,388,null,12,null,22,null,126,112,null,null,0,null,18,null,0,18,null,null,0,null,18,null,19,30,null,null,65,null,64,null,41,43,null,null,305,167,null,null,139,null,80,null,623,255,null,null,218,95,null,null,861,null,248,null,522,139,null,null,207,null,120,null,99,null,57,null,3290,null,418,null,17,25,null,null,141,125,null,null,175,207,null,null,0,null,18,null,0,18,null,null,0,null,18,null,57,69,null,null,9,16,null,null,337,null,190,null,204,null,118,null,363,172,null,null,197,null,137,null,1057,285,null,null,459,null,144,null,145,null,89,null,129,87,null,null
1600000US4112150,4106712150,"Cedar Mill CDP, Oregon",11934,964,null,null,5938,null,606,null,21,null,25,null,0,20,null,null,101,null,74,null,37,56,null,null,0,null,20,null,0,20,null,null,26,null,32,null,29,31,null,null,482,225,null,null,259,null,187,null,670,195,null,null,217,104,null,null,2422,null,529,null,1127,253,null,null,189,null,88,null,358,null,105,null,5996,null,507,null,6,15,null,null,37,56,null,null,37,51,null,null,41,null,43,null,0,20,null,null,0,null,20,null,17,25,null,null,50,44,null,null,665,null,184,null,153,null,90,null,676,205,null,null,234,null,96,null,2338,437,null,null,1224,null,360,null,275,null,121,null,243,112,null,null
1600000US4112850,4106712850,"Cherry Grove CDP, Oregon",400,84,null,null,200,null,48,null,2,null,4,null,0,13,null,null,0,null,13,null,24,30,null,null,8,null,13,null,6,10,null,null,6,null,9,null,6,9,null,null,56,33,null,null,3,null,5,null,47,30,null,null,22,24,null,null,12,null,13,null,0,13,null,null,6,null,9,null,2,null,3,null,200,null,44,null,0,13,null,null,0,13,null,null,0,13,null,null,0,null,13,null,0,13,null,null,15,null,23,null,0,13,null,null,0,13,null,null,73,null,35,null,31,null,21,null,35,19,null,null,26,null,16,null,15,12,null,null,0,null,13,null,5,null,9,null,0,13,null,null
1600000US4115550,4106715550,"Cornelius city, Oregon",8296,397,null,null,4134,null,333,null,134,null,92,null,229,192,null,null,273,null,222,null,0,20,null,null,72,null,72,null,34,38,null,null,46,null,47,null,225,128,null,null,1130,285,null,null,187,null,109,null,728,194,null,null,509,198,null,null,413,null,167,null,107,72,null,null,0,null,20,null,47,null,44,null,4162,null,347,null,267,185,null,null,33,57,null,null,167,103,null,null,70,null,74,null,156,133,null,null,88,null,77,null,98,88,null,null,102,83,null,null,1005,null,235,null,246,null,124,null,728,211,null,null,403,null,140,null,654,380,null,null,99,null,70,null,6,null,9,null,40,54,null,null
1600000US4119650,4106719650,"Dilley CDP, Oregon",166,86,null,null,54,null,34,null,0,null,13,null,0,13,null,null,0,null,13,null,0,13,null,null,0,null,13,null,0,13,null,null,0,null,13,null,0,13,null,null,33,30,null,null,7,null,13,null,8,15,null,null,6,10,null,null,0,null,13,null,0,13,null,null,0,null,13,null,0,null,13,null,112,null,68,null,0,13,null,null,0,13,null,null,0,13,null,null,0,null,13,null,0,13,null,null,0,null,13,null,0,13,null,null,0,13,null,null,29,null,38,null,14,null,14,null,16,24,null,null,16,null,18,null,37,49,null,null,0,null,13,null,0,null,13,null,0,13,null,null
1600000US4121250,4106721250,"Durham city, Oregon",1385,210,null,null,737,null,130,null,40,null,50,null,0,13,null,null,0,null,13,null,0,13,null,null,0,null,13,null,0,13,null,null,5,null,10,null,27,33,null,null,107,53,null,null,37,null,27,null,108,48,null,null,58,50,null,null,239,null,62,null,55,24,null,null,22,null,17,null,39,null,27,null,648,null,94,null,20,29,null,null,0,13,null,null,0,13,null,null,6,null,10,null,0,13,null,null,0,null,13,null,17,22,null,null,2,4,null,null,101,null,42,null,37,null,29,null,109,48,null,null,38,null,27,null,181,56,null,null,89,null,31,null,22,null,15,null,26,21,null,null
1600000US4126200,4106726200,"Forest Grove city, Oregon",16345,645,null,null,7911,null,508,null,158,null,115,null,11,17,null,null,155,null,113,null,87,63,null,null,22,null,27,null,131,83,null,null,70,null,49,null,236,118,null,null,1617,296,null,null,862,null,239,null,1142,279,null,null,584,157,null,null,1836,null,365,null,712,235,null,null,122,null,75,null,166,null,137,null,8434,null,393,null,260,135,null,null,0,24,null,null,84,83,null,null,54,null,58,null,110,90,null,null,120,null,77,null,77,49,null,null,146,77,null,null,2044,null,366,null,1077,null,302,null,1345,311,null,null,536,null,150,null,1707,228,null,null,717,null,227,null,87,null,65,null,70,48,null,null
1600000US4127825,4106727825,"Garden Home-Whitford CDP, Oregon",5705,759,null,null,2745,null,397,null,0,null,18,null,0,18,null,null,0,null,18,null,0,18,null,null,2,null,6,null,3,7,null,null,0,null,18,null,63,72,null,null,262,103,null,null,241,null,154,null,301,130,null,null,212,105,null,null,1060,null,270,null,358,109,null,null,135,null,72,null,108,null,98,null,2960,null,510,null,0,18,null,null,0,18,null,null,0,18,null,null,0,null,18,null,0,18,null,null,0,null,18,null,0,18,null,null,10,17,null,null,282,null,142,null,121,null,54,null,208,78,null,null,142,null,74,null,1403,455,null,null,454,null,134,null,178,null,111,null,162,129,null,null
1600000US4128100,4106728100,"Gaston city, Oregon",447,126,null,null,248,null,96,null,2,null,4,null,0,13,null,null,0,null,13,null,2,5,null,null,3,null,5,null,0,13,null,null,15,null,15,null,9,8,null,null,124,85,null,null,14,null,16,null,54,31,null,null,10,10,null,null,10,null,9,null,5,8,null,null,0,null,13,null,0,null,13,null,199,null,52,null,0,13,null,null,0,13,null,null,0,13,null,null,0,null,13,null,1,2,null,null,0,null,13,null,9,9,null,null,0,13,null,null,103,null,43,null,41,null,24,null,19,16,null,null,9,null,8,null,12,12,null,null,3,null,5,null,2,null,4,null,0,13,null,null
1600000US4134100,4106734100,"Hillsboro city, Oregon",72762,1224,null,null,36653,null,984,null,512,null,163,null,274,141,null,null,718,null,409,null,267,162,null,null,446,null,247,null,215,113,null,null,127,null,75,null,801,340,null,null,6941,680,null,null,2319,null,473,null,4490,602,null,null,2863,340,null,null,9194,null,785,null,4593,542,null,null,527,null,182,null,2366,null,398,null,36109,null,990,null,788,251,null,null,108,104,null,null,479,171,null,null,230,null,117,null,434,329,null,null,371,null,123,null,179,80,null,null,553,221,null,null,6334,null,645,null,3444,null,449,null,5291,601,null,null,3531,null,546,null,8768,639,null,null,4162,null,468,null,482,null,167,null,955,213,null,null
1600000US4139150,4106739150,"King City city, Oregon",4261,173,null,null,1733,null,158,null,0,null,13,null,26,41,null,null,21,null,33,null,30,34,null,null,6,null,14,null,0,13,null,null,23,null,37,null,0,13,null,null,278,94,null,null,204,null,94,null,139,71,null,null,166,96,null,null,483,null,169,null,270,164,null,null,59,null,49,null,28,null,33,null,2528,null,228,null,0,13,null,null,23,36,null,null,0,13,null,null,0,null,13,null,14,24,null,null,49,null,64,null,0,13,null,null,17,25,null,null,675,null,210,null,204,null,93,null,451,129,null,null,316,null,154,null,560,163,null,null,176,null,82,null,43,null,40,null,0,13,null,null
1600000US4140550,4100540550,"Lake Oswego city, Oregon",29355,592,null,null,14181,null,502,null,44,null,46,null,0,27,null,null,4,null,11,null,0,27,null,null,25,null,30,null,1,3,null,null,44,null,54,null,34,32,null,null,940,269,null,null,570,null,209,null,1211,238,null,null,747,202,null,null,5697,null,465,null,2594,341,null,null,1434,null,318,null,836,null,220,null,15174,null,460,null,45,42,null,null,33,52,null,null,0,27,null,null,1,null,5,null,0,27,null,null,29,null,27,null,15,17,null,null,125,81,null,null,902,null,180,null,584,null,171,null,1691,252,null,null,952,null,226,null,5951,406,null,null,3479,null,373,null,746,null,165,null,621,195,null,null
1600000US4146100,4106746100,"Marlene Village CDP, Oregon",3685,500,null,null,1833,null,292,null,0,null,18,null,0,18,null,null,0,null,18,null,136,207,null,null,0,null,18,null,26,34,null,null,9,null,14,null,17,20,null,null,284,95,null,null,166,null,95,null,239,95,null,null,117,66,null,null,577,null,128,null,173,120,null,null,28,null,29,null,61,null,44,null,1852,null,250,null,22,32,null,null,0,18,null,null,28,33,null,null,0,null,18,null,5,12,null,null,36,null,48,null,0,18,null,null,0,18,null,null,417,null,233,null,217,null,75,null,67,54,null,null,195,null,77,null,511,131,null,null,301,null,102,null,15,null,24,null,38,33,null,null
1600000US4147800,4106747800,"Metzger CDP, Oregon",2971,476,null,null,1566,null,303,null,0,null,13,null,0,13,null,null,31,null,45,null,0,13,null,null,61,null,59,null,0,13,null,null,66,null,69,null,18,28,null,null,408,191,null,null,68,null,62,null,151,75,null,null,189,99,null,null,370,null,147,null,150,108,null,null,17,null,27,null,37,null,34,null,1405,null,225,null,49,53,null,null,0,13,null,null,0,13,null,null,0,null,13,null,0,13,null,null,3,null,8,null,0,13,null,null,91,99,null,null,289,null,139,null,173,null,118,null,145,89,null,null,11,null,15,null,329,126,null,null,279,null,109,null,6,null,11,null,30,44,null,null
1600000US4153150,4106753150,"North Plains city, Oregon",2237,126,null,null,1119,null,104,null,8,null,9,null,0,13,null,null,0,null,13,null,0,13,null,null,0,null,13,null,0,13,null,null,3,null,5,null,20,18,null,null,224,65,null,null,47,null,29,null,234,82,null,null,104,95,null,null,318,null,95,null,127,68,null,null,6,null,9,null,28,null,25,null,1118,null,118,null,0,13,null,null,10,17,null,null,0,13,null,null,9,null,13,null,0,13,null,null,0,null,13,null,5,5,null,null,0,13,null,null,233,null,88,null,76,null,36,null,212,91,null,null,136,null,60,null,254,83,null,null,152,null,67,null,8,null,9,null,23,29,null,null
1600000US4153988,4106753988,"Oak Hills CDP, Oregon",7265,524,null,null,3596,null,324,null,11,null,19,null,0,20,null,null,17,null,26,null,41,63,null,null,0,null,20,null,0,20,null,null,0,null,20,null,24,28,null,null,293,132,null,null,236,null,111,null,369,110,null,null,339,144,null,null,1426,null,251,null,483,151,null,null,230,null,149,null,127,null,75,null,3669,null,319,null,16,22,null,null,0,20,null,null,32,43,null,null,75,null,64,null,0,20,null,null,24,null,27,null,0,20,null,null,0,20,null,null,382,null,127,null,202,null,97,null,490,144,null,null,414,null,142,null,1288,238,null,null,541,null,133,null,146,null,101,null,59,64,null,null
1600000US4159000,4105159000,"Portland city, Oregon",486100,1499,null,null,240412,null,1327,null,2904,null,399,null,689,237,null,null,1742,null,389,null,1537,330,null,null,2090,null,601,null,1605,304,null,null,2608,null,540,null,3636,548,null,null,40122,1784,null,null,12675,null,883,null,36106,1470,null,null,16473,1082,null,null,72436,null,2095,null,28745,1216,null,null,11148,null,828,null,5896,null,513,null,245688,null,1097,null,3628,441,null,null,1120,348,null,null,1578,281,null,null,1865,null,413,null,1109,272,null,null,1708,null,335,null,1737,410,null,null,3247,522,null,null,33248,null,1528,null,12647,null,823,null,32701,1419,null,null,16920,null,1017,null,79304,1912,null,null,39035,null,1263,null,9953,null,868,null,5888,562,null,null
1600000US4160900,4106760900,"Raleigh Hills CDP, Oregon",5116,664,null,null,2436,null,414,null,0,null,18,null,0,18,null,null,0,null,18,null,0,18,null,null,0,null,18,null,0,18,null,null,9,null,13,null,38,43,null,null,156,77,null,null,213,null,174,null,339,149,null,null,119,65,null,null,1162,null,330,null,243,87,null,null,116,null,49,null,41,null,34,null,2680,null,331,null,0,18,null,null,0,18,null,null,17,23,null,null,0,null,18,null,0,18,null,null,12,null,27,null,0,18,null,null,9,13,null,null,267,null,150,null,202,null,121,null,526,155,null,null,170,null,101,null,884,239,null,null,403,null,161,null,86,null,74,null,104,72,null,null
1600000US4162250,4100562250,"Rivergrove city, Oregon",390,94,null,null,182,null,54,null,0,null,13,null,0,13,null,null,0,null,13,null,0,13,null,null,0,null,13,null,0,13,null,null,7,null,14,null,0,13,null,null,14,8,null,null,11,null,11,null,35,24,null,null,2,2,null,null,64,null,47,null,27,13,null,null,11,null,9,null,11,null,10,null,208,null,52,null,0,13,null,null,0,13,null,null,0,13,null,null,2,null,3,null,0,13,null,null,0,null,13,null,0,13,null,null,2,3,null,null,22,null,12,null,4,null,7,null,16,10,null,null,16,null,10,null,65,28,null,null,60,null,32,null,14,null,11,null,7,6,null,null
1600000US4163010,4106763010,"Rockcreek CDP, Oregon",6650,730,null,null,3291,null,394,null,0,null,18,null,0,18,null,null,0,null,18,null,0,18,null,null,18,null,27,null,0,18,null,null,33,null,39,null,46,41,null,null,652,322,null,null,233,null,95,null,411,187,null,null,326,159,null,null,977,null,180,null,440,112,null,null,32,null,40,null,123,null,68,null,3359,null,450,null,19,27,null,null,0,18,null,null,0,18,null,null,0,null,18,null,17,25,null,null,0,null,18,null,0,18,null,null,17,28,null,null,421,null,148,null,132,null,83,null,757,346,null,null,347,null,133,null,1009,164,null,null,507,null,168,null,35,null,39,null,98,54,null,null
1600000US4167100,4106767100,"Sherwood city, Oregon",12741,463,null,null,6128,null,324,null,53,null,52,null,27,41,null,null,12,null,20,null,0,24,null,null,12,null,18,null,8,12,null,null,9,null,15,null,48,44,null,null,831,241,null,null,452,null,151,null,1032,291,null,null,501,177,null,null,1938,null,308,null,853,222,null,null,233,null,112,null,119,null,77,null,6613,null,348,null,21,33,null,null,37,59,null,null,0,24,null,null,1,null,6,null,90,95,null,null,47,null,53,null,0,24,null,null,110,90,null,null,1010,null,305,null,581,null,212,null,1126,254,null,null,564,null,139,null,1966,314,null,null,786,null,205,null,181,null,89,null,93,107,null,null
1600000US4173650,4106773650,"Tigard city, Oregon",39519,794,null,null,19294,null,673,null,276,null,144,null,57,62,null,null,176,null,183,null,27,38,null,null,110,null,87,null,107,68,null,null,189,null,110,null,303,138,null,null,2716,402,null,null,1415,null,330,null,3131,507,null,null,1836,307,null,null,6120,null,584,null,1918,326,null,null,545,null,152,null,368,null,127,null,20225,null,656,null,230,124,null,null,85,66,null,null,63,46,null,null,25,null,28,null,36,48,null,null,171,null,196,null,14,23,null,null,175,85,null,null,3167,null,461,null,1486,null,372,null,3227,467,null,null,2092,null,341,null,5706,519,null,null,2910,null,360,null,541,null,163,null,297,108,null,null
1600000US4174950,4106774950,"Tualatin city, Oregon",18946,515,null,null,9303,null,391,null,314,null,167,null,67,68,null,null,10,null,23,null,15,20,null,null,23,null,34,null,21,18,null,null,18,null,26,null,149,90,null,null,1623,292,null,null,739,null,206,null,1342,244,null,null,714,175,null,null,2820,null,289,null,977,206,null,null,233,null,85,null,238,null,100,null,9643,null,426,null,56,42,null,null,0,24,null,null,185,177,null,null,50,null,51,null,32,34,null,null,14,null,18,null,25,35,null,null,126,84,null,null,1604,null,327,null,848,null,198,null,1620,232,null,null,772,null,166,null,2525,276,null,null,1300,null,247,null,290,null,100,null,196,98,null,null
1600000US4180025,4106780025,"West Haven-Sylvan CDP, Oregon",5985,603,null,null,2720,null,352,null,1,null,3,null,0,18,null,null,13,null,21,null,0,18,null,null,0,null,18,null,0,18,null,null,0,null,18,null,0,18,null,null,151,119,null,null,71,null,60,null,535,215,null,null,54,44,null,null,924,null,257,null,475,170,null,null,229,null,175,null,267,null,155,null,3265,null,385,null,6,13,null,null,0,18,null,null,0,18,null,null,16,null,23,null,10,16,null,null,0,null,18,null,0,18,null,null,0,18,null,null,350,null,245,null,74,null,51,null,231,119,null,null,328,null,171,null,1185,243,null,null,697,null,183,null,237,null,117,null,131,79,null,null
1600000US4180900,4106780900,"West Slope CDP, Oregon",5230,484,null,null,2635,null,341,null,16,null,26,null,36,53,null,null,3,null,6,null,0,18,null,null,0,null,18,null,10,15,null,null,5,null,10,null,41,50,null,null,573,175,null,null,174,null,98,null,269,107,null,null,201,140,null,null,695,null,162,null,337,165,null,null,209,null,96,null,66,null,56,null,2595,null,251,null,25,29,null,null,0,18,null,null,19,25,null,null,6,null,9,null,0,18,null,null,2,null,4,null,0,18,null,null,13,20,null,null,301,null,126,null,205,null,116,null,375,132,null,null,319,null,138,null,782,186,null,null,417,null,140,null,69,null,53,null,62,48,null,null
1600000US4182800,4100582800,"Wilsonville city, Oregon",18557,531,null,null,8178,null,451,null,49,null,57,null,0,24,null,null,10,null,23,null,0,24,null,null,0,null,24,null,71,60,null,null,99,null,78,null,101,69,null,null,1511,450,null,null,404,null,150,null,1126,247,null,null,608,228,null,null,2852,null,353,null,740,205,null,null,414,null,147,null,193,null,92,null,10379,null,480,null,120,82,null,null,0,24,null,null,0,24,null,null,89,null,58,null,46,54,null,null,22,null,29,null,76,49,null,null,78,45,null,null,2193,null,283,null,830,null,216,null,1710,308,null,null,1001,null,203,null,2951,423,null,null,925,null,233,null,74,null,55,null,264,100,null,null